Timestamp (ms),Electrode 1,Electrode 2,Electrode 3,Electrode 4,
1490295171541,12.101759934830056,21.144534750017897,4.5255441735147315,15.47776723306913
1490295171541,13.973590923778602,10.6109331652126,-11.415888153716764,4.70892475724429
1490295171542,18.72455237339807,10.012616213002957,-3.70688986265111,16.093216915480298
1490295171611,-2.5741497677089455,9.635157293639168,1.159489606545776,3.7805470427095997
1490295171611,-6.223226314250155,6.656674283106099,5.72041222733526,2.1289753779942657
1490295171612,-9.179015440459466,13.44761558876155,-10.811050532816125,-12.47733298094272
1490295171698,-5.0693337141726715,7.573827953754289,6.403610749062182,2.489126771996439
1490295171699,-0.16442534431485,-5.818771773469507,-6.205808591348955,0.15776628352477928
1490295171699,-9.07510339362102,-10.115300766221026,2.0467086864089197,1.134493273170392
1490295171765,-7.024264253513934,8.821980872012432,8.519208404264191,4.378133824028282
1490295171766,-0.12275474589853275,9.259585200591346,8.959745434750403,0.4974573464695595
1490295171836,-0.47632912081792256,5.888546497528182,6.3020206818451925,-0.12252852871972664
1490295171836,-12.695828299816526,10.485499071554159,7.930933222191243,-4.132991582659088
1490295171905,-7.256098797012555,-6.606393019175812,-6.58046092808388,2.047890064140006
1490295171906,-9.894216291398948,-7.605119376521998,-7.230309098764678,-15.817988025709042
1490295171906,-23.72274884385854,-3.2705908614077543,-11.951888732693078,-18.600099818026592
1490295171973,-7.048109228519479,3.094622632920732,-8.428456836735108,-28.11450565878863
1490295172076,-6.0042177685561455,-3.057048604097872,-7.788972406023504,-11.794415868888336
1490295172076,9.17001605718417,32.299701790301015,-0.8209848027117914,-2.2308403064937465
1490295172077,36.04307059053576,15.717499420503941,-0.4687468611132317,36.80044536388425
1490295172111,27.30191030264598,-7.759974903821785,-6.698197092249075,6.076429536004866
1490295172112,1.1989246980822372,3.8363501080156084,2.3693724682051425,0.17280579910584493
1490295172112,-2.119044317321368,15.369649356758487,8.235790512207132,1.2680561125305303
1490295172112,-2.129788908631326,6.592529811839199,-3.3414632635567614,7.611851287646573
1490295172180,2.1515463845411205,-2.7916818104783943,-6.627621107163918,-12.128992440529146
1490295172279,0.048166106872486125,4.216793906497173,3.551744824438515,1.5900340662215058
1490295172279,-5.566934914589524,-6.658092808852302,-4.100669135612861,-3.3038160259220604
1490295172280,-3.3878945929302517,-0.8888070627064053,-4.4646144184603145,-0.26959176363334336
1490295172338,-5.997464188893218,-9.858019994296228,4.961010192212825,-0.6764970926496972
1490295172338,-3.312982863254774,9.254306356379061,-6.214704086469851,9.482315483222578
1490295172393,-7.330532855902902,-2.3897186959300143,-6.496485753576621,-7.822674377778412
1490295172393,2.0311009800747115,6.453200810447129,10.142843350869043,0.8339932584113967
1490295172393,10.917868496764527,4.163466443587026,-15.146179143990707,3.0650460570655014
1490295172500,-0.6396085257564437,-6.195344127693829,1.825315744350064,8.986451557763985
1490295172500,1.140329311778487,0.14662243362420213,-3.73923664669519,0.6950128287927555
1490295172569,-8.04979237189491,2.49839490860802,-5.150343536902142,-10.00378860720707
1490295172569,-10.311014185313752,-6.602723469869147,-11.822943796742948,0.17522301672704543
1490295172570,-8.429021376326887,-6.506356240718901,2.9165359279984386,-4.946854692578086
1490295172628,9.001624997248086,-0.9472209406039838,-5.5107523458211745,-2.880215787945417
1490295172695,0.4042059606597377,5.116148520563229,-7.78070826654448,-13.159617357356069
1490295172696,-14.169107779779893,1.5654146281801786,-11.990672519026134,-10.702722791561428
1490295172765,-12.358531250691385,-14.218150869003352,-7.292638749475714,12.440007121183498
1490295172765,9.039995850879109,-2.314708657404026,-0.3919028187656295,21.651345507746214
1490295172765,11.06675903874634,9.834830693128538,7.335488417169927,1.8456003070052702
1490295172876,6.7849641569411006,6.853308674987943,0.16371008514579444,-0.36364762208268075
1490295172939,-2.238609875081238,-0.5804514368523996,12.548783465608608,-4.997093713542199
1490295173009,-3.9003905817072564,-14.398288201936339,-0.921193464929388,-2.26438114629525
1490295173075,1.8971955767772215,14.285555825632628,14.200170461835114,-0.1429052727605722
1490295173138,2.4972966841363586,-7.028980890639787,3.5350545633646107,-5.340703303330997
1490295173224,8.30879612622698,-11.00941974345983,-15.812692273690914,0.08929904912201891
1490295173224,38.118505146594316,6.927926881863414,6.5125270968243285,-4.507383263853512
1490295173288,11.742332270989209,0.8364751714267413,3.7051211572826332,2.217967307135723
1490295173288,10.00941864721733,0.1878780774977713,-4.87024833469502,1.0676459708848824
1490295173289,-13.17232877903416,-7.455023184460515,-4.69051704661058,11.577337917763884
1490295173391,4.2976268024034425,6.745376492364585,-0.946414948485085,12.42065636177665
1490295173391,0.6887551706175827,6.391103621751654,8.143181819912911,9.849326622272997
1490295173392,-8.353958234061679,-11.858000080422585,-10.860536305903906,9.43237881849609
1490295173431,-17.02431786538932,-7.699576243760134,-9.81967387850159,4.565570066101145
1490295173432,-9.030614105334507,7.076761195318795,15.503224510582527,4.9293486622384535
1490295173432,-18.650250539169974,14.514003260243385,14.441774548906892,-14.797945428812682
1490295173492,-10.818773626060874,-1.42006295342685,-1.0316938496856665,2.151301169704084
1490295173601,5.558457800408746,7.972526805873827,-0.5859902127421037,8.033982934900223
1490295173679,-2.0550833671468354,0.13853931871551595,-0.8842801629671158,-0.2529790673577281
1490295173680,-9.873514680783956,4.2192510558327285,6.121404735632268,-8.848719621529995
1490295173680,-4.678065414288653,-8.943421903959461,-5.28246931725937,6.95602626382572
1490295173729,-27.31229178930016,-4.990472365561004,-5.379218724996008,-1.9596163874906551
1490295173730,3.3293737616297676,15.386036271525882,6.077683807556127,-10.245470969983103
1490295173797,-21.38502739745263,0.18445886816618895,6.271344698965095,-0.9177150496643662
1490295173797,-9.765805243601221,0.726525220892654,-0.3318742636870411,-1.3138904099273532
1490295173874,6.533896243415597,9.89726586613881,3.1038115681552654,-11.819607461824035
1490295173875,4.838785661952443,3.041071531877151,2.0411883201904857,-6.931799114280011
1490295173875,-0.04837264727279944,-4.453492391227428,-1.5469398066379654,1.1036678053013702
1490295173876,0.24448531701330012,5.265466644713456,-0.4657220097650452,-8.45748160013477
1490295173955,-35.13042195525418,-2.9948748888964474,1.5293860480956027,-33.93877641911661
1490295173955,-130.61927669571253,-6.003621510493417,51.158203140369665,-139.48224060826374
1490295173956,-133.72241535790783,-38.46446830462469,52.24763396495098,-119.90314436441577
1490295174026,-26.102228420826236,-16.13001248013211,11.259934426616155,-35.31561179510459
1490295174027,52.633192981702905,6.929045101231395,-9.566272975282118,30.99876979586122
1490295174028,56.46629589866939,11.477067993746573,-11.634828513912112,58.9985298751825
1490295174095,47.53320900571464,6.8062458277864835,-24.921661606973885,62.13713146044586
1490295174096,50.52798331114195,11.211666644355091,-24.919689487605638,47.7664854547977
1490295174096,63.159711506846406,12.629206765676713,-12.807868620954764,58.509427571813035
1490295174165,54.520702379693375,19.054000135011847,-9.512707130395029,54.0514757758541
1490295174166,50.63617541116139,13.957189487825758,-4.642181205527322,37.89060605003692
1490295174166,42.799072031686364,-1.9552953027173317,-18.47840577392958,39.86913147904113
1490295174254,36.28725891030024,8.188893347261,-11.750498240442425,13.340951211832817
1490295174254,18.81358740566941,-2.3786606480874752,-19.386824221823304,13.859011654143842
1490295174327,10.851892600635892,6.046109013835121,-0.5901682361266012,1.8059637434598699
1490295174328,17.224822598783476,-6.302822404665449,-8.677174531674382,-4.513060229010534
1490295174328,31.285755209710487,-4.023758338490779,0.21244293263282543,-10.052641048398073
1490295174390,15.593266738685884,-0.3916820498308198,3.25992713481196,-27.062412110135824
1490295174391,-13.227426713961336,-1.6859669506460477,-2.6169294719577465,-19.11718634856527
1490295174391,-3.752204926107197,18.261101375658313,14.037056604804206,-19.310651054122786
1490295174468,-22.728503295951214,-1.0673322507184366,-3.161642573004201,-15.279688771170754
1490295174468,-20.856804692796004,-11.52277203574522,4.162391339626197,-2.4435197658955303
1490295174469,-14.007711266482488,1.3529125379130846,6.289334983551612,-27.13321757477331
1490295174536,-20.241221793860632,6.1912939658906225,7.20999354296498,-23.113250939439013
1490295174537,-14.256742848186036,16.145617244257096,13.69086996417957,-8.585848564220214
1490295174603,-17.251969046758973,1.8169407076990183,3.26674501078071,-8.70304629543864
1490295174603,-17.251969046758973,1.8169407076990183,3.26674501078071,-8.70304629543864
1490295174603,-19.567873372695203,12.155402066910256,13.495518794574991,-10.401443330684288
1490295174605,-29.972576380658893,-7.155992044100799,7.499781042766358,-7.643217203658196
1490295174704,-32.39302482569656,5.434313530717077,6.289156319354333,0.6956623662607626
1490295174706,5.335936474134428,-1.216678041209775,-7.184157759450613,9.178942498267702
1490295174769,21.819293638006457,8.06068028859363,4.028776997319824,2.9617200833791912
1490295174770,-5.07830676384242,4.111423818017215,0.7006115129960335,2.290475548689301
1490295174771,-26.319438064693713,-11.195948093692436,7.709920774083685,2.422452840284791
1490295174835,-11.763830242790732,-0.15370483269589386,-2.2027136266400476,-7.485258729361249
1490295174835,9.467527520361273,-6.16446638542061,5.475250930328343,3.0219156050575293
1490295174836,-6.443465809028112,0.6707168235446943,2.812220164176665,14.604211742898315
1490295174908,3.7003901390155534,-5.138836068413298,4.739087150041087,9.682402320989468
1490295174909,8.794208452548673,1.8504740297314584,5.071307385089085,14.90968681300592
1490295174972,1.8593774369662697,14.556633046998968,-4.50217359825308,2.370825801019123
1490295174973,-0.1449122696850509,-15.363949065774364,3.5131496205522126,-2.61868955883574
1490295175077,-1.192568331704706,-0.35508627677529603,-10.696630478790667,-22.114646123297803
1490295175078,12.00417697264129,3.85584351262753,-1.7827787331193576,-1.1413570903048367
1490295175135,11.960460521295772,-3.3465125029654246,-10.614192518924256,13.66990313970416
1490295175135,1.5382644717518588,-6.997499213301239,-8.227880647767961,18.73234574032051
1490295175136,4.309108137287922,1.2153809151782298,-11.35749786085887,16.041298699608433
1490295175186,6.085468070342699,-1.744096355669285,-3.3941852719019607,14.451483337540822
1490295175186,-11.593214915278622,-3.690327276583048,5.883650171195313,12.521778001259122
1490295175187,6.6833934698671555,-9.11336172904521,-10.632008592483544,13.790286597643103
1490295175288,4.729827932574494,18.754308890627158,3.1178147938973098,-0.4646206421318766
1490295175355,-2.462971320249494,-1.2729016668818076,-3.2707870350709527,-9.207618696003124
1490295175356,5.054530423720962,-3.6320867267467065,5.1987067347563425,-4.810656561530777
1490295175424,-6.7037854195232285,7.875312297393066,3.6185364722286977,-4.089106987940795
1490295175494,-0.6927825496924243,9.18204770279533,9.010188814505682,-14.192733616678652
1490295175494,2.273492884356301,-11.295873909941633,-6.859430499556197,-10.48418521724318
1490295175495,-9.460280373195701,-3.9868728469317603,-3.8869069078323264,-8.469010339585452
1490295175577,-9.62018495583277,3.374848198780228,-9.715976646051217,-6.561644930251077
1490295175577,-4.2772920221592585,-6.90954555250994,-15.956174300542898,-0.1182999073450901
1490295175645,-17.653216633156603,6.406650843479383,-3.849232383174467,-1.284254274392083
1490295175710,-7.976349903083701,-1.292570193850338,2.5679556814583293,5.493946952614465
1490295175711,3.357860056050299,9.179975285033947,4.108594914287892,10.287114180184972
1490295175811,11.674468308911514,6.087737335806537,0.22287862022574245,-4.13475492353939
1490295175879,28.462238487837908,-4.902216361020919,8.8784478547434,10.912620571069851
1490295175918,82.64662899587984,1.395995586311301,-3.4401350143623404,2.3099097995279863
1490295175918,48.29134446359126,2.7579232102319793,-2.3997617831547586,-9.213141623636147
1490295175919,38.77647098010516,0.8871581734019856,-8.689419991331079,-7.125539453855481
1490295176019,9.52910035392972,-1.559780583343013,-3.289064343692303,-15.178395245758793
1490295176020,-1.1112534111202876,-0.5719939870392636,0.5041848974946106,-7.002155976060521
1490295176081,-9.536688125285764,10.88518374155035,-2.2705396961401902,-20.92480062441632
1490295176150,-16.770512257164683,-4.784781169623216,-3.431402533950063,8.09953474774693
1490295176219,-20.343409898708614,-4.117397022932323,-8.32697945538871,-2.1687446357802855
1490295176220,-12.913042395963771,2.091515504995755,0.48540328316005343,-16.868581168798528
1490295176284,-8.860919686853777,0.9637350406421774,10.801428847383704,17.151332553809766
1490295176372,-4.561639122601605,-0.2729048711589712,1.4923907149708384,-4.286877967489659
1490295176439,-12.302268795978648,6.676273405696747,11.917415586512448,-17.3162750674569
1490295176505,-101.18586589134395,12.755519415854678,12.369379961485492,-89.1905260291494
1490295176505,-96.08680331133826,2.547470449506477,14.623016634142232,-103.8026295523706
1490295176506,-32.68366468861234,-7.606076642034168,15.023750459404823,-21.983999940863555
1490295176609,49.45609789904597,-8.24207617642287,-19.455126017110047,44.18341006673393
1490295176609,93.87107917260892,-13.12824019161883,-28.586684419154608,81.56480320921935
1490295176609,95.09750936857029,1.3279566854539553,-28.594822649618663,78.3501799671534
1490295176681,65.01988117896701,2.5540068213360883,-20.568133617374883,66.63129989090453
1490295176681,51.30313512853229,6.025899858693151,-3.530871337404392,39.252237979813344
1490295176756,32.39068821491901,4.708596679574953,-7.525318223700992,21.207472390027988
1490295176757,31.435647392556348,0.731489170902023,3.1541423704343288,20.162267799437814
1490295176760,3.970839147531251,-1.5127143916272416,2.3302599058222313,-7.160995028873344
1490295176806,-4.184921856640585,-7.466208809772866,3.516331484698412,-28.550809302314747
1490295176808,-1.3643578780126973,-5.642144917047517,4.741055458069354,-10.726577339046116
1490295176809,-12.071133941297944,-0.7241924252564331,9.134010614219392,-26.159537496355597
1490295176901,-20.745659174187722,-5.433702835692429,-0.39120934625589143,-8.416281499186766
1490295176957,-12.788210137251099,10.267062198744611,6.458167937879011,-46.59475102444355
1490295177015,-21.460034361509997,-8.53978882730462,1.6924683010485069,-23.884197261860436
1490295177016,-11.126660063778104,4.418813341023906,5.00466074045255,2.3688211872461125
1490295177017,-1.7278749490531027,-12.030208667818556,4.161674044173083,-1.206956201441585
1490295177017,-15.839665680632038,1.8696457064166907,-1.5594521423951164,-5.425046575725673
1490295177126,-5.9350838519033005,-0.41942601816754177,-1.279244019295561,-9.181241840184839
1490295177126,-2.4587840365016973,13.42260214104158,2.7379340727350154,-11.156893685654609
1490295177127,-5.867472605640842,3.3563600645114775,5.576817038619424,-2.528125643637054
1490295177194,-15.854908788876742,8.51250692334429,1.5318947414684772,-10.208009998135026
1490295177195,2.243905338689842,-2.377826342078606,-0.38090927064888547,14.480958069885219
1490295177196,6.259764519184614,4.5434240497698966,-7.133009779306576,15.657714369681912
1490295177261,10.40130804142359,5.002450267134122,-9.881632353775558,10.861329860971864
1490295177262,12.443537306017447,-0.4208494693460807,5.6974352514538396,11.297315139031866
1490295177262,-2.0252962863744415,-2.9047927648861105,6.33368893600948,5.806704027893261
1490295177335,-4.200458372203002,-3.8551778636574454,-1.7861529241350809,-7.685281628606845
1490295177404,4.825622137997243,-2.10221150917414,-11.541189900950144,-11.062843526055076
1490295177476,1.4706537684567138,-5.0035062769414935,0.9127852213770211,5.285734585842988
1490295177539,-3.127136762293162,5.295686720712297,2.4292517133835645,-8.630458364400852
1490295177539,-6.147349904702423,-1.332142277112439,1.4445717235958,-14.58509152358215
1490295177540,-5.676137520385282,4.995278675967484,0.7825590511559994,-0.7327275589317424
1490295177606,-13.744272866006213,2.64038822239786,6.3007750041704185,1.4400659228115273
1490295177607,6.746938518011802,-6.617961871762873,0.17751601945792572,11.911723192289855
1490295177720,5.438884730509244,-7.12359284739091,-5.521801862333405,1.9522262724814254
1490295177721,-4.8933487965487075,-14.625487355412247,-7.767845185952069,-4.6960272069867415
1490295177721,14.460133202201746,7.227121023455197,9.350792251337907,-2.775250325398815
1490295177751,-4.291999358027169,-1.7036294078511673,0.5079906563838676,6.39538839899285
1490295177751,-2.1713607214034027,-6.513963066695851,4.477105672027392,-4.6717669593440405
1490295177751,-5.392315957407163,-8.915068446209375,-8.157943072234843,-13.4268838784119
1490295177848,-11.514282077144799,1.2887603822941855,12.659491682618182,-10.98441937754012
1490295177848,-3.6258591278827907,-4.771883791808023,1.3654219262261904,8.458941830330787
1490295177849,4.243701810644211,5.522503096913169,1.691518531046654,9.630106929683393
1490295177924,11.671377373639189,11.562159558761891,11.495173179234484,22.630929128393632
1490295177930,-3.5621401877735934,2.936892519069943,9.490478726148922,0.12854352635417854
1490295177930,-37.62706047352674,11.768227691940865,4.9966230878384295,6.578451901877997
1490295178006,-28.550166911677934,7.143003871305609,7.5420114073342575,10.39521734176958
1490295178006,-7.077625465637311,-4.205637026983709,3.216340087402841,-1.7134840757973961
1490295178008,16.23014568501253,-0.3322154692019694,-7.0897898047825265,1.742972419401326
1490295178072,12.656968467683782,-1.5354766689484904,3.1737893868736364,2.922376690486658
1490295178073,32.5320151495888,-6.105524275767721,-9.438970562085956,9.965160876134519
1490295178154,14.967865993256623,-2.5429603386072586,-1.769968465709212,10.259147318670898
1490295178155,3.774696651634713,-13.537799945662982,-13.61336236385364,-2.4203899991669005
1490295178201,-0.9259229357811591,2.866691899364696,-0.3478305823903156,-5.993210943822419
1490295178201,-1.7615139774151203,-2.282684231397866,6.834573498267446,-8.913732648963446
1490295178202,10.453764289201445,6.093907405517939,-1.6378240125222874,-6.903158796632965
1490295178275,20.76643367368672,13.034031750609415,-5.809418688952292,-4.028503027745614
1490295178276,-18.458305532794384,20.25746178676104,0.7237350485788738,-7.7834655260923
1490295178276,-6.053662471166376,9.777159514845152,1.520290831727607,-10.58245980456843
1490295178334,15.106354940334313,12.342854106235222,-0.15534568477687571,-7.154383722398961
1490295178334,26.099669963213273,10.148643730370623,8.35367901982977,-0.10411334128525596
1490295178446,3.8718498124785583,20.52382782574807,15.626205071481422,3.3440285859693404
1490295178448,3.031442661522533,2.0061818658705306,0.9259290692405102,-2.786228165397233
1490295178448,20.636448915348637,15.723080539982675,7.244666463702288,3.8176143054975
1490295178485,-3.3445907547355773,-1.4219769833264309,5.677267375657948,-0.31978640463717056
1490295178486,-5.093939215272371,-14.47534301084886,6.938414876456704,-4.487286193008799
1490295178486,-9.950164463652072,-11.80641017213452,-13.011043157532185,-18.15348559189738
1490295178584,-6.155103216641578,-1.7367288046531257,-7.809153870674095,-7.053140679569083
1490295178584,32.51855453170231,-11.96317885916801,-5.768210395219967,-4.6141057046583
1490295178650,-2.261569816763881,-2.1440953970844703,-3.523759511304661,-2.7820539780218496
1490295178706,-7.380926896107098,-3.7216107148499304,1.4936226069792156,-11.548919857543865
1490295178812,-12.519594272354766,-4.214607255393275,-0.7204527704119528,5.548820375952687
1490295178812,-37.40464633400666,-3.916394541699333,4.510262445719263,3.504468660130783
1490295178812,-31.690465784881212,-2.536414658620515,0.6146934172844567,-2.9381671773862763
1490295178889,-10.451170813143563,2.787490706010999,2.758944452619062,2.7791044543658927
1490295178890,-16.467567902519704,-8.034587274988553,-8.709662560224956,2.299519460333613
1490295178892,-5.827110402557082,-4.730569483775184,-1.2186902549052547,15.848994730183904
1490295178956,-13.89785663056,15.556039783544634,0.8286958705493817,4.497559940095698
1490295178957,-1.4560648309051203,9.54472415761802,0.8888056161298437,7.023046582317079
1490295178957,-8.601360096034682,-0.46409147170629694,-8.138346465657037,1.8616976696647498
1490295179024,4.0429356045439135,9.76439215639948,1.3039504117014076,-3.924213054195434
1490295179025,-6.563008937677182,3.568394419145079,-10.906087015021171,7.120312684918076
1490295179026,0.23957808592945185,-9.367057288961746,-3.5553776246403004,4.897950927284569
1490295179099,-5.9427013909421476,-5.748188068060472,-18.262338047921048,-3.396086531838705
1490295179100,-3.593938168871773,-6.86209329962378,-16.1801661168264,1.1175241341251194
1490295179100,7.978229605878369,6.086048474197014,1.1403420019320265,10.420766381995918
1490295179169,6.901924349013939,-5.0783881693512285,-3.3083323081722256,6.444039246003399
1490295179169,6.2390460713437506,5.087691347700229,-5.230442901599872,2.9823319311400383
1490295179234,-14.137801246578874,-8.533282784498738,-3.034607048363455,-1.6437348649302521
1490295179234,-2.6435015482807103,-3.0730735671637603,3.350591122985179,-9.4763288147077
1490295179235,6.43353984172461,-10.377338161045031,3.0321327251743924,-3.4063657383043164
1490295179317,-10.715021297378826,-6.103899109984695,-7.454432572196765,-2.289906017952262
1490295179317,-4.714955472937731,-6.322850890976497,2.484637881077674,2.2772108557429647
1490295179414,12.343433938088765,10.648305162141924,5.250165279560747,-2.893882878489535
1490295179415,3.784390617137774,8.996347816509115,3.2814496538585445,-2.0400676942435894
1490295179415,14.785264074040924,2.123137622105446,2.0607448734317586,7.928039873995999
1490295179446,8.515233825765677,-2.855932504617499,-7.7049420225419,6.065441943112091
1490295179447,5.278269722004779,-4.759089843217566,-5.546010973732223,-7.16445386922021
1490295179535,-5.483835052651898,-2.9403485725580367,-8.734305914211632,-0.19897532215316005
1490295179536,-2.0579350984248777,-2.137017106245821,2.185097330458575,4.126405462491903
1490295179536,-3.6658881258819065,1.5720773470840186,0.6610380952508876,-1.6430663303675601
1490295179607,14.208036062796168,1.5236258868829964,4.9794392289276175,-2.880056761161768
1490295179608,-8.86868330004188,6.599085223131851,-7.466105820551661,-3.050472310467171
1490295179608,6.645956758484203,-6.870498159349609,-6.032809159780527,-5.64179124546456
1490295179683,3.078159039558159,-9.39606034100575,-12.978491056008352,4.924591646410136
1490295179683,-7.002310970822123,4.932272711533869,2.8646097217288116,-9.079343900346657
1490295179684,6.829423963062936,5.948532065343215,14.401726556747008,-2.0631417934963565
1490295179751,-19.610649042313412,8.673757935418848,16.5741655611821,-28.902169687001788
1490295179752,-151.12786607777798,10.779265874862404,8.278133736992459,-143.14865726894186
1490295179752,-95.2136060954706,-2.8883362942685835,26.301429286476036,-96.04233446001604
1490295179810,23.04105899251715,-17.726827564664404,-4.423354322254568,24.37055310481037
1490295179810,83.89966156675825,1.3284936315451432,-17.650787024738293,72.53471657928401
1490295179811,98.89963102936849,-11.377578779513783,-22.17635613738264,90.708213688162
1490295179897,86.22545224108785,-9.169290896619032,-19.538576140082,94.8618225652258
1490295179898,59.248941921971436,7.229593476936543,-17.84594658813046,66.12065861829217
1490295179898,50.20521877469673,6.856822828817144,-11.570806582004366,62.0517979540748
1490295179982,31.193436136546325,4.845687300120289,-9.205117435985699,58.00059229783335
1490295179983,16.764076490701314,6.375027165798201,-9.793123921118877,35.14274169309283
1490295179983,23.11115259615724,-4.5302583895932,-3.3971998301983604,30.522804960035728
1490295180029,1.4451332866200346,1.932801996752005,17.70761846160235,-9.713060430434439
1490295180031,-20.097675731015897,-3.0470453064414187,1.037600758387498,0.63620136452937
1490295180139,-6.8061515265842445,-0.12486151945745405,0.8420632090567324,-10.563376259968322
1490295180140,-13.884894836209469,1.3712075953760632,11.431011372643297,-14.946134923514592
1490295180140,-21.426309192400595,5.88574061132249,9.792323711812287,-25.225809186397328
1490295180199,-13.490602298726799,11.177958780194217,10.235493150002071,-25.571887133373707
1490295180266,-16.848607202799485,-0.2607616970623212,-2.8425046227924895,-16.989377871292618
1490295180267,-17.100875780321076,5.57324375256826,-2.1350068590087403,-19.99222344050156
1490295180268,-0.6874688899408739,-4.580068931721712,0.8562624344157257,-8.900093643972582
1490295180336,-8.61986959134731,-5.380784014594269,-8.210717720411594,-1.9768304072828187
1490295180337,5.728136945502683,4.435049172906361,-2.3192496398736466,-2.1434783474667256
1490295180403,-11.893580815056112,4.472217248487709,-2.628444148696758,-3.5157418029943983
1490295180403,-18.80423230129611,8.64899560001652,2.4990612136241452,0.13346044348531905
1490295180403,-17.584241942656604,-15.22153222407826,-5.554614445339212,-21.525189910853328
1490295180476,-5.555921841951545,-6.773947063056539,-6.333969046286597,-18.648747943565013
1490295180477,9.784023913272222,-8.991409596579047,-7.855482265001342,-7.180014999138507
1490295180477,11.89879810694083,-6.640403292306587,-4.391417373482568,-13.042391512705422
1490295180553,-11.034359945660299,-8.755999342462133,-2.16987312825097,-3.782477939993555
1490295180554,-2.7770593366083176,-9.30968873146935,-1.9011355778279722,4.3027649282912535
1490295180554,2.3154574025758166,3.9137562462060487,4.228053569950589,-0.6167400021331559
1490295180633,-9.497606857876804,-2.75530940155852,-3.575532069510018,1.903877955102189
1490295180634,1.3108376835078843,0.22142622029252834,4.732230392091992,4.860422989605354
1490295180634,6.773603459242622,3.6076446756251244,6.524369663368702,-0.4383364808833221
1490295180702,17.284773601714505,6.697715822900818,1.0849966426130777,6.706897242706191
1490295180703,16.230494084398174,4.140110933893084,1.5329087562213317,17.223725250835173
1490295180704,24.23573713084818,1.8009028174311652,-3.331209087135562,13.56617946994345
1490295180772,5.013330405325746,1.9959960717507101,-1.6029198410381014,14.21481059176017
1490295180857,-3.0807902810209953,-5.006510922763596,4.139482168719837,0.6393960443308515
1490295180925,-19.2493962917913,-14.099211034824066,-5.080177721507766,-13.271121533198993
1490295180994,-8.629375558258971,-7.187998426366335,3.1929898796576026,0.5514536965263233
1490295181065,-3.81479549726771,1.6156356305039026,7.705665045083606,-14.149664663749604
1490295181065,5.488955999320524,4.37568330377519,5.5521305960820655,-5.3297273234996965
1490295181066,-2.329088363008168,-6.552565636924442,6.728027486700171,4.149558643094224
1490295181129,-3.66958715607916,-8.817154358204334,0.1720979432235481,-4.609673718070326
1490295181129,-21.109326928612973,-8.384420237092627,-17.776146873852895,-6.3292793735926125
1490295181130,-4.77694190976672,-2.2556426599022643,0.2485294688799513,8.766418663287936
1490295181233,-6.061905682693464,6.020275135330962,-10.909162111045362,-0.9618115053705196
1490295181233,-2.1410927793867813,1.6112755773500567,-5.1669597911445635,-0.9011605419366333
1490295181271,-18.623227374293833,0.825978136882668,-8.063650763671717,1.831004246031398
1490295181272,-18.6774517357818,-4.709784652534495,-2.1701730535879733,3.255391859756969
1490295181272,-7.362535392854284,-6.947075130795724,-5.317511644734736,0.9392921176230402
1490295181374,-3.2052681587475718,6.214916962837265,3.861327509832563,3.270955833222388
1490295181375,11.898735755646271,14.613662290334105,7.793117365724925,10.76722004335761
1490295181436,11.997742774720109,16.96819360365123,13.414576307895572,2.300481482754549
1490295181437,9.660923986265743,12.017050742456718,-0.4699508635737857,5.365350837655001
1490295181517,19.854559096553885,10.242504928560152,13.301094667909751,6.549052862984354
1490295181517,-2.5069208926083775,-14.529303299327466,-8.128410834260194,-4.0215064829413905
1490295181586,-30.630806449011857,-24.153294341903575,-10.644137225279792,-15.122734946620767
1490295181587,-4.559208796525695,-20.43179024433266,-11.350367317662062,-3.2063558483018824
1490295181588,7.081815166859542,-10.974837909262874,-17.245725765212228,-6.863302244684178
1490295181661,0.45305048825764516,-4.927083205613144,-5.347628080913637,-4.863378937702919
1490295181662,6.060687307782928,-0.7067926648468301,-8.652887916399322,-7.331582085818809
1490295181662,-0.7154598515968473,-8.424551882388528,-2.6728252961494263,-4.585694256763418
1490295181734,4.357815768844375,1.2062264201200605,-8.038991461636101,-0.6187566783370357
1490295181734,16.98056642655797,6.886577784187011,4.572169873934058,6.0712711873931084
1490295181735,12.98855597675049,0.12209492025499458,-2.416532020314662,5.242612925283538
1490295181804,1.036671367772442,0.4349092178729279,1.6290946045400005,7.996214873777149
1490295181804,5.762303222331639,1.644893635055837,-1.7127625867288998,-1.9221022434855968
1490295181805,21.048831463460033,-5.595494543382642,3.3343606532746435,6.980775698061734
1490295181886,7.267729280065964,-0.431279692816247,3.138760406784513,5.2033665241621065
1490295181890,-11.781948460493368,-3.902426065432678,10.454926122475968,0.41221703935138976
1490295181890,-8.819138957077143,-10.018272338920724,-5.612699603211695,0.7682406899498346
1490295181955,3.742700283226668,1.5534921231525232,0.02893368609488789,0.4661427004007237
1490295181957,-5.566124253288194,7.111582735497564,6.2376778354755515,3.805496003903272
1490295181957,-8.953411969692866,0.8448412796213915,2.590192936405174,-2.808204263968605
1490295182013,69.15783373177055,5.93383157232995,8.542309845499062,-5.39055769974982
1490295182014,35.580956982918224,1.3146504199047513,0.013598655453733954,0.524533239852758
1490295182094,10.427162758385975,0.2738288155949249,6.7882170046892725,-3.5813000964095636
1490295182095,-29.587481799454395,3.4760485317376606,-5.291409440837924,-18.913573179147193
1490295182095,-25.069501999015415,-3.178116114397426,2.0193084528741565,-3.9222889710018762
1490295182165,-23.735308301829832,-0.6461152259414575,-3.814034655200544,-10.673401822334199
1490295182165,-42.630894334291725,-7.986910228401257,6.392829389730878,-0.0862542843740357
1490295182237,-14.421523361085406,8.419247912597825,3.8012004288684693,12.298078515587463
1490295182238,-10.268138330089641,16.48269504681093,0.5421870176037373,9.928482189873307
1490295182239,-27.277391296507176,4.873209063275908,-9.81741409142387,5.69138184318615
1490295182307,-33.13178601038055,9.150986265466713,-0.7213255739707165,4.345635964314624
1490295182307,-23.515792163494552,0.8947001837428843,-5.3467822022015525,-7.835968921348126
1490295182308,-19.069473871381092,-0.03083935968413698,-2.5281638900761436,-4.23226216171588
1490295182382,-21.036544350437566,1.7167107974344162,4.175591743694213,-3.338368440905242
1490295182384,-12.1467596803177,-2.856326718499531,9.94582317234699,6.750112161350103
1490295182385,-3.0563510697478478,-7.272464116700462,-0.49149287791374263,-1.980944593196682
1490295182483,-4.311866910946833,-12.917144104085878,0.3220887092969633,0.7467262803289714
1490295182484,2.708150324101098,-3.019521171766769,-10.259142344732254,-1.6709125336532225
1490295182523,12.615812270953597,1.5807035588526333,-0.36726632732495545,10.354610481746363
1490295182523,12.64982634620901,-1.318109080436102,-4.197480632534848,11.922350131639064
1490295182523,8.697209629658005,-2.325640189258138,-7.844973841829642,8.261501219180559
1490295182585,3.756837155239964,-7.203609375659994,-6.626367443251411,-10.059806478362816
1490295182586,0.4420376037224969,3.111330253006031,-7.009334612564544,-5.219946517089738
1490295182586,0.2704096380808778,-2.2312999707186236,2.6228963707090998,4.181922465609659
1490295182699,14.765608584896995,-7.043936065998537,-1.163348768389028,8.166259372881541
1490295182699,16.531150600680462,3.6604038988464254,13.735156514544087,6.864993346205324
1490295182700,23.0571387644286,-1.0631801549097872,3.5861560456512507,7.555597559915213
1490295182766,15.11061760729035,-0.2991315469255369,9.284685820308823,10.148618271627356
1490295182766,15.11061760729035,-0.2991315469255369,9.284685820308823,10.148618271627356
1490295182767,-3.381167473978735,-5.939408111113721,6.982547186791521,-0.41698945619509686
1490295182821,8.852625816823092,4.294345846235274,5.469090570690128,3.349658242148962
1490295182822,13.684675384696789,2.768953249829906,10.186059687189186,13.267090386373638
1490295182822,21.749209622998933,15.618686163085613,-25.91644383000971,3.6624759420759574
1490295182891,32.72916621477725,19.11238380738871,-4.63521565405415,19.192743481194498
1490295182891,17.799473069179612,7.716286505763264,-1.319755414110773,-1.0710335705639409
1490295182891,-4.366090716540157,10.208734126255536,-4.621841244317466,-6.44582508156077
1490295182968,-9.267606307240953,-0.9075152940740736,7.45524018039896,-0.5117964189420263
1490295182969,-14.801893801548658,-4.621749329509271,4.038974714987944,-5.60848836202706
1490295183070,-22.575759045129985,-4.9433479627994075,4.530144819671477,-6.641491538979267
1490295183071,-22.877244004276463,-17.118125071105055,-13.607279930413483,-9.209959033967152
1490295183126,-17.69482382693684,-3.1312429327293785,-7.302266791985289,-3.978974251788941
1490295183217,-0.20065221179936543,0.6130785904605318,12.645724636985165,1.1600758721197053
1490295183217,3.2677371348910356,4.469589149864078,6.113858551273665,-1.6396406202576372
1490295183280,8.324450944163459,13.556283313645622,9.28212793559112,-5.345765803587028
1490295183280,-18.78465462769725,-2.9148452572744645,-2.9458986596577006,-2.377646265352155
1490295183280,-4.76728222845793,-3.94773324381174,2.5983241367995333,-4.927014734334762
1490295183346,8.020054831020843,-2.8819109179917177,1.2048188751159614,-4.030987520276199
1490295183416,-0.3950412850056182,-6.653285269656408,-7.058184810616126,-2.1626093852582926
1490295183416,6.144122889527921,-3.250808044206906,-2.6803302622797673,-10.569404348628268
1490295183487,5.733055908865481,1.2833640241577768,-2.5950243135586106,7.880209013060949
1490295183561,4.095387959501409,-8.462204520640967,-13.101481393853533,9.141702706951264
1490295183652,5.567080166050346,1.465132617352424,-3.039782769150179,2.661219250254362
1490295183726,-11.332467896515823,-1.905422743027657,-12.186152332344477,-15.993273307132768
1490295183727,16.11941739826193,1.5031373949183262,-6.024013324869657,-16.053913312124337
1490295183786,-6.071255204612044,-0.7569355913485651,4.884027408114321,-7.060480740321964
1490295183786,-16.52478544302471,-5.187520626911919,7.794271704964785,-6.332342359406653
1490295183786,-14.100978126612972,-1.8364349349166105,-2.619278185028975,-3.1410132331337763
1490295183856,-34.83666021705994,-8.957726949209814,13.137882636052495,-31.91948471593139
1490295183925,9.070720119612815,0.701592090189024,6.860332239538479,18.818701674636486
1490295183925,16.7129434826644,6.1928717293699265,4.986339597979963,33.945099345065955
1490295183996,20.746625137531396,4.563190616662496,-0.4055917696588267,29.158122140799037
1490295183996,17.965724000865634,7.228088987330807,-13.304023137458898,28.666672811727494
1490295183997,29.623921892048543,9.73256571356103,-10.408955160238179,19.536423942592137
1490295184074,29.0623461218903,14.560256591128905,3.2571927321930616,18.274866875222642
1490295184075,24.336509963802996,6.712058619101981,-2.19143604392184,8.243919368272373
1490295184076,16.304914439155596,2.786168058800172,-1.1614779157757766,4.582820774927768
1490295184142,2.1138229852484756,4.8593327428047814,6.035156786962943,0.204711396537391
1490295184143,17.637825712375275,-1.4123501980803894,-1.8609298124279121,4.909340464011734
1490295184225,-2.4321281040627127,-7.302002536286409,-4.21443537287837,-16.189329240184748
1490295184278,3.6838209097502386,-3.162997026448238,4.6915501673532845,1.0562064953347772
1490295184278,-1.1613866645855069,-0.104396243602082,10.677424431382178,-6.720796422974445
1490295184279,8.06317907616085,0.25078414318522846,1.371298990278433,-2.7923168976575425
1490295184380,-3.207616726371157,-7.810606147345311,-2.786269591959581,-9.439666836550941
1490295184380,-3.872894546898465,1.6466950162213152,5.1914724181865495,2.674878813861824
1490295184426,10.272520471810708,7.475506895571584,8.382429587105207,9.383698282840442
1490295184427,1.2884837525990633,6.88625177021197,13.861438357129941,3.476482715519637
1490295184427,-17.432290272235377,2.7766069843314654,5.418647150636616,-2.1754524661281494
1490295184514,-11.687704905683177,-8.356318327853387,-3.749523096355688,-5.596105576884611
1490295184514,2.217720228879216,-6.377061871358478,-8.033545816662581,-9.561957316393432
1490295184582,-15.42103313675409,-13.504320136246406,-9.244704127130035,-6.575613645136286
1490295184582,-8.994544616870712,-5.980239071715573,-9.663851393446635,-7.688329071850944
1490295184583,-5.079256913464974,-3.79176954033278,-9.431214328237388,-1.3390649453240258
1490295184667,-6.596648988064771,-4.764252730869998,-1.0770031340601918,6.373569118350929
1490295184667,10.605059417364146,13.481005613748266,3.0133021359413306,13.842849949793617
1490295184669,2.377257699964275,-1.79169663180312,3.15558409645962,5.436500061552806
1490295184753,-14.167386244061163,0.5911875636417108,8.382792498661388,3.728048755437726
1490295184753,-8.277598530187447,0.46407302311081366,-1.2265615216008428,-3.723433735163553
1490295184821,0.02769837055291191,12.444343920776646,-3.689714087184825,-2.0183670331864505
1490295184906,1.4649534789746212,4.06650540779367,8.138461688243638,-3.305653469920685
1490295184909,9.27180436167373,6.069361663203608,-4.789446053597089,1.1179107430682507
